<?xml version="1.0" ?>
<odoo>
    <record id="property_rule_custody" model="ir.rule">
        <field name="name">Custody Multi Company</field>
        <field name="model_id" ref="model_custody_property"/>
        <field eval="True" name="global"/>
        <field name="domain_force">['|',('company_id','=',False),('company_id','child_of',[user.company_id.id])]</field>
    </record>

    <record id="property_rule_custody_req" model="ir.rule">
        <field name="name">Custody Request Multi Company</field>
        <field name="model_id" ref="model_hr_custody"/>
        <field eval="True" name="global"/>
        <field name="domain_force">['|',('company_id','=',False),('company_id','child_of',[user.company_id.id])]</field>
    </record>
    <record id="group_custody_internal_transfer_manager" model="res.groups">
        <field name="name">Custody Transfers Manager</field>
        <field name="category_id" ref="base.module_category_inventory_inventory"/>
    </record>
    <record id="group_custody_internal_transfer_user" model="res.groups">
        <field name="name">Custody Transfers User</field>
        <field name="category_id" ref="base.module_category_inventory_inventory"/>
    </record>

    >

</odoo>
