<?xml version="1.0" encoding="utf-8"?>
<odoo>

    <!--  Cron job of warranty product expired date notification -->
    <record id="ir_cron_warranty_expire_notification" model="ir.cron">
        <field name="name">Warranty: Expire Notification</field>
        <field name="model_id" ref="model_sr_product_warranty"/>
        <field name="state">code</field>
        <field name="interval_number">1</field>
        <field name="interval_type">days</field>
        <field name="numbercall">-1</field>
        <field name="code">model.cron_warranty_expire_notification()</field>
    </record>

</odoo>

