<?xml version="1.0" encoding="UTF-8"?>
<templates>

    <t t-name="account_heirarchy_report_lines">
        <t t-set="trAttClass" t-value="'accounts_heirarchy_report_lines_style'"/>
        <t t-set="domainAttClass" t-value="'account_hierarchy_report_line_domain_0'"/>                        
        <t t-if="l.unfoldable == false">
            <t t-set="domainAttClass" t-value="'account_hierarchy_report_line_domain_1'"/>
        </t>
        <t t-set="line_space_td" t-value="'padding-left: ' + (4 + 15*(l.level-1)) + 'px; background-position: ' + 15*(l.level-1) + 'px;'"/>
        
        <tr t-att-data-type="l.type" t-att-data-unfold="l.unfoldable" t-att-data-parent_id="l.parent_id" t-att-data-id="l.id"  t-att-data-rec_id="l.rec_id" t-att-data-wizard_id="l.wizard_id" t-att-class="trAttClass">
            <t t-set="tdAttClass" t-value="'accounts_hierarchy_report_line_td'" />
            <t t-set="line_column" t-value="0" />
            <t t-foreach="l.line_columns" t-as="col">
                <t t-set="line_column" t-value="line_column + 1" />
                <td t-att-data-id="l.id" t-att-data-rec_id="l.rec_id" t-att-data-active_id="l.active_id" t-att-data-level="l.level" t-att-class="tdAttClass">
                    <t t-if="line_column == 1">
                        <span t-att-style="line_space_td"></span>
                        <span t-att-class="domainAttClass" t-att-data-active-id="l.id"></span>                        
                        <t t-if="l.unfoldable">
                            <span t-att-data-id="l.id" class="accounts_hierarchy_unfoldable accounts_hierarchy_caret_icon">
                                <i class="fa fa-fw fa-caret-right"></i>
                            </span>
                        </t>
                        <span><t t-raw="col" /></span>
                    </t>                    
                    <t t-elif="line_column == 4 or line_column == 5 or line_column == 6">
                        <span class="accounts_hierarchy_action" t-att-data-id="l.id" t-att-data-active_id="l.active_id">
                            <t t-raw="col"/>
                        </span>
                    </t>
                    <t t-else="">
                        <span class="accounts_hierarchy_action" t-att-data-id="l.id" t-att-data-active_id="l.active_id">
                            <t t-raw="col"/>
                        </span>
                    </t>
                </td>
            </t>
        </tr>
    </t>

    <t t-name="foldable">        
         <span t-att-class="'accounts_hierarchy_foldable ' + lineId + ' accounts_hierarchy_caret_icon'">
            <i class="fa fa-fw fa-caret-down" role="img" aria-label="Fold" title="Fold"></i>
        </span>
    </t>

    <t t-name="unfoldable">        
        <span t-att-class="'accounts_hierarchy_unfoldable ' + lineId + ' accounts_hierarchy_unfoldable'">
            <i class="fa fa-fw fa-caret-right" role="img" aria-label="Unfold" title="Unfold"></i>
        </span>
    </t>

</templates>