<?xml version="1.0" encoding="utf-8"?>
<odoo>
	<data>
	    <record id="seq_truck_request" model="ir.sequence">
	        <field name="name">Seq</field>
	        <field name="code">truck.request</field>
	        <field name="prefix">TB</field>
	        <field name="padding">5</field>
	        <field name="company_id" eval="False" />
	    </record>
	    <!-- <record id="seq_tea_arrival" model="ir.sequence">
	        <field name="name">Tea Arrival</field>
	        <field name="code">tea.arrival</field>
	        <field name="prefix">Tea/</field>
	        <field name="padding">5</field>
	    </record> -->
	    <record id="sequence_catalog_order" model="ir.sequence">
	        <field name="name">Catalog Order</field>
	        <field name="code">catalog.order</field>
	        <field name="prefix">CAT/</field>
	        <field name="padding">5</field>
	    </record>
	 </data>
</odoo> 