<?xml version="1.0"?>
<odoo noupdate="1">
	<record forcecreate="True" id="cron_insert_farmer" model="ir.cron">
		<field name="name">Insert Farmer Data</field>
		<field eval="False" name="active"/>
		<field name="user_id" ref="base.user_admin"/>
		<field name="interval_number">10</field>
		<field name="interval_type">minutes</field>
		<field name="numbercall">-1</field>
		<field name="model_id" ref="pways_collection_management.model_farmer_registration"/>
		<field name="state">code</field>
		<field name="code">model.sync_farmer_data()</field>
	</record>

	<record forcecreate="True" id="cron_fleet_vehicle" model="ir.cron">
		<field name="name">Insert Vehicle Data</field>
		<field eval="False" name="active"/>
		<field name="user_id" ref="base.user_admin"/>
		<field name="interval_number">10</field>
		<field name="interval_type">minutes</field>
		<field name="numbercall">-1</field>
		<field name="model_id" ref="fleet.model_fleet_vehicle"/>
		<field name="state">code</field>
		<field name="code">model.sync_vehicle_data()</field>
	</record>
	
	<record forcecreate="True" id="cron_get_route" model="ir.cron">
		<field name="name">Insert Route Data</field>
		<field eval="False" name="active"/>	
		<field name="user_id" ref="base.user_admin"/>
		<field name="interval_number">10</field>
		<field name="interval_type">minutes</field>
		<field name="numbercall">-1</field>
		<field name="model_id" ref="pways_collection_management.model_routes_routes"/>
		<field name="state">code</field>
		<field name="code">model.route_sync_data()</field>
	</record>
</odoo>
