<?xml version="1.0" encoding="UTF-8"?>
<odoo>
    <data>
        <record id="sequence_packaging_pos" model="ir.sequence">
            <field name="name">Packaging POS</field>
            <field name="code">packaging.pos</field>
            <field name="prefix">POS/</field>
            <field name="padding">3</field>
            <field name="number_increment">1</field>
        </record>

        <record id="model_packaging_sequence_pos" model="packaging.sequence">
            <field name="sequence_id" ref="pways_collection_management.sequence_packaging_pos"/>
            <field name="packing_type">pos</field>    
        </record>

        <record id="sequence_packaging_auction" model="ir.sequence">
            <field name="name">Packaging Auction</field>
            <field name="code">packaging.auction</field>
            <field name="prefix">Auction/</field>
            <field name="padding">3</field>
            <field name="number_increment">1</field>
        </record>

        <record id="model_packaging_sequence_auction" model="packaging.sequence">
            <field name="sequence_id" ref="pways_collection_management.sequence_packaging_auction"/>
            <field name="packing_type">auction</field>    
        </record>

        <record id="sequence_packaging_export" model="ir.sequence">
            <field name="name">Packaging Export</field>
            <field name="code">packaging.export</field>
            <field name="prefix">Export/</field>
            <field name="padding">3</field>
            <field name="number_increment">1</field>
        </record>

        <record id="model_packaging_sequence_export" model="packaging.sequence">
            <field name="sequence_id" ref="pways_collection_management.sequence_packaging_export"/>
            <field name="packing_type">export</field>    
        </record>

        <record id="sequence_packaging_local" model="ir.sequence">
            <field name="name">Packaging Local</field>
            <field name="code">packaging.local</field>
            <field name="prefix">Local/</field>
            <field name="padding">3</field>
            <field name="number_increment">1</field>
        </record>

        <record id="model_packaging_sequence_local" model="packaging.sequence">
            <field name="sequence_id" ref="pways_collection_management.sequence_packaging_local"/>
            <field name="packing_type">local</field>    
        </record>

        <record id="sequence_packaging_other" model="ir.sequence">
            <field name="name">Packaging Other</field>
            <field name="code">packaging.other</field>
            <field name="prefix">Other/</field>
            <field name="padding">3</field>
            <field name="number_increment">1</field>
        </record>

        <record id="model_packaging_sequence_other" model="packaging.sequence">
            <field name="sequence_id" ref="pways_collection_management.sequence_packaging_other"/>
            <field name="packing_type">other</field>    
        </record>
    </data>
</odoo>