<?xml version="1.0" encoding="utf-8"?>
<odoo>
    <record model="farmer.stage" id="stage_draft1">
        <field name="name">Draft</field>
        <field name="sequence">1</field>
    </record>
    <record model="farmer.stage" id="stage_under_approval">
        <field name="name">Under approval</field>
        <field name="sequence">2</field>
    </record>
    <record model="farmer.stage" id="stage_bank_details_veri">
        <field name="name">Bank Details</field>
        <field name="sequence">3</field>
    </record>
<!--     <record model="farmer.stage" id="stage_ra_certified">
        <field name="name">RA Certified</field>
        <field name="sequence">4</field>
    </record> -->
    <record model="farmer.stage" id="stage_registered">
        <field name="name">Registered</field>
        <field name="sequence">5</field>
    </record>
    <record model="farmer.stage" id="stage_cancel">
        <field name="name">Cancel</field>
        <field name="sequence">6</field>
    </record>
    
    <record model="crm.stage" id="stage_is_registation">
        <field name="name">Registration</field>
        <field name="sequence">5</field>
    </record>
</odoo>