<?xml version="1.0" encoding="utf-8"?>
<odoo>
    <data>

        <record id="product_product_green_leaves" model="product.product">
            <field name="uom_id" ref="uom.product_uom_kgm"/>
            <field name="uom_po_id" ref="uom.product_uom_kgm"/>
            <field name="name">Green Leaves</field>
            <field name="description_sale" eval="False"/>
        </record>

        <record id="seq_farmer_code" model="ir.sequence">
            <field name="name">Out Grower Code</field>
            <field name="code">farmer.farmer_code</field>
            <field name="padding">8</field>
            <field name="company_id" eval="False" />
        </record>

        <record id="seq_farm_code" model="ir.sequence">
            <field name="name">Property Code</field>
            <field name="code">farm.farm_code</field>
            <field name="padding">8</field>
            <field name="company_id" eval="False" />
        </record>

        <record id="seq_farmer_registration" model="ir.sequence">
            <field name="name">Out Grower Registreation</field>
            <field name="code">farmer.reg</field>
            <field name="prefix">Out Grower/REG/</field>
            <field name="padding">5</field>
            <field name="company_id" eval="False" />
        </record>

        <record id="seq_farm" model="ir.sequence">
            <field name="name">Farm Information</field>
            <field name="code">farm.info</field>
            <field name="prefix">PROPERTY/</field>
            <field name="padding">5</field>
            <field name="company_id" eval="False" />
        </record>

        <record id="seq_weighment" model="ir.sequence">
            <field name="name">Grower Weighment</field>
            <field name="code">grower.weighment</field>
            <field name="prefix">WEIG/</field>
            <field name="padding">5</field>
            <field name="company_id" eval="False" />
        </record>

        <record id="seq_trip_trip" model="ir.sequence">
            <field name="name">Trip</field>
            <field name="code">trip.trip</field>
            <field name="prefix">TRIP ID/</field>
            <field name="padding">5</field>
            <field name="company_id" eval="False" />
        </record>

       <!--  <record id="seq_res_racertified" model="ir.sequence">
            <field name="name">Res Certified</field>
            <field name="code">res.racertified</field>
            <field name="prefix">RACF/</field>
            <field name="padding">5</field>
            <field name="company_id" eval="False" />
        </record> -->

        <!-- CREATE ONE VIRTUAL LOCATION CREATES -->

        <record id="stock_location_virtual_locatio" model="stock.location">
            <field name="name">Crates Virtual location</field>
            <field name="usage">internal</field>
        </record>
        
    </data>
</odoo>
