<?xml version="1.0" encoding="utf-8"?>
<odoo>
	<data noupdate="1">
<!--         <record id="stock_picking_type_packaging_order" model="stock.picking.type">
            <field name="name">Packaging order</field>
            <field name="sequence_id" ref="pways_collection_management.packaging_order_sequence"/>
            <field name="sequence_code">PKT</field>
            <field name="code">packaging_order</field>
        </record> -->

        <record id="sequence_finish_pack_lot" model="ir.sequence">
            <field name="name">finish pack sequence lot</field>
            <field name="code">finish.pack.lot</field>
            <field name="prefix">lot_pack/</field>
            <field name="padding">4</field>
            <field eval="1" name="number_next"/>
            <field eval="1" name="number_increment"/>
            <field eval="False" name="company_id"/>
        </record>
    </data>
</odoo>
