<?xml version="1.0" encoding="utf-8"?>
<odoo>
   	<!-- <record id="ir_cron_scheduler_quality_check" model="ir.cron">
        <field name="name">Auto Create Quality Check</field>
        <field name="model_id" ref="model_quality_point"/>
        <field name="state">code</field>
        <field name="code">model.run_quality_check()</field>
        <field name="interval_number">1</field>
        <field name="interval_type">hours</field>
        <field name="numbercall">-1</field>
        <field name="doall" eval="False"/>
    </record> -->
    <record id="fertilizer_deduction_product" model="product.product">
        <field name="name">Fertilizer Deduction</field>
        <field name="lst_price">0.0</field>
        <field name="standard_price">0.0</field>
        <field name="type">service</field>
        <field name="uom_id" ref="uom.product_uom_kgm"/>
        <field name="uom_po_id" ref="uom.product_uom_kgm"/>
    </record>
    <record id="nhif_deduction_product" model="product.product">
        <field name="name">NHIF Deduction</field>
        <field name="lst_price">0.0</field>
        <field name="standard_price">0.0</field>
        <field name="type">service</field>
        <field name="uom_id" ref="uom.product_uom_unit"/>
        <field name="uom_po_id" ref="uom.product_uom_unit"/>
    </record>
    <record id="ir_cron_nhif_deduction" model="ir.cron">
        <field name="name">Create NHIF Deduction</field>
        <field name="model_id" ref="model_account_move"/>
        <field name="state">code</field>
        <field name="code">model.create_nhif_deduction()</field>
        <field name="interval_number">1</field>
        <field name="interval_type">months</field>
        <field name="numbercall">-1</field>
        <field name="doall" eval="False"/>
        <field name="active" eval="False"/>
    </record>
    <record id="model_account_reconcile_farmer_bills" model="ir.actions.server">
        <field name="name">Reconcile Farmer Bills</field>
        <field name="model_id" ref="account.model_account_move"/>
        <field name="binding_model_id" ref="account.model_account_move"/>
        <field name="binding_view_types">list</field>
        <field name="state">code</field>
        <field name="code">
            records.reconcile_farmer_bills()
        </field>
    </record>
</odoo>
