<?xml version="1.0" encoding="UTF-8"?>
<odoo>
    <data>
        <record id="employee_medical_mail_template" model="mail.template">
            <field name="name">Send Medical Notification of Mail</field>
            <field name="model_id" ref="pways_collection_management.model_medical_report_line"/>
            <field name="email_from">${object.user_id.email_formatted | safe}</field>
            <field name="email_to">${object.employee_id.work_email | safe}</field>
            <field name="subject">Medical Notification for ${object.employee_id.name | safe } for ${object.next_date | safe}</field>
            <field name="body_html" type="html">
                 <div style="margin: 0px; padding: 0px;">
                    <p style="margin: 0px; padding: 0px; font-size: 13px;">
                        Dear ${object.employee_id.name}
                        <br /><br />
                        Here is your emoloyee card with refrence ${object.employee_id.name} 
                        <br /><br />
                        Age : ${object.employee_id.age} 
                        Phone : ${object.employee_id.phone}
                        Salary :${object.employee_id.basic_salary} 
                        <br /><br />
                         If you have queries feel free to ask. 
                    </p>
                </div>
            </field>
        </record>
    </data>
</odoo>