<?xml version="1.0" encoding="utf-8"?>
<odoo>
    <data noupdate="1">
        <record id="sms_template_smsleopard" model="mail.template">
            <field name="name">Farmer registration: smsleopard SMS</field>
            <field name="model_id" ref="pways_collection_management.model_farmer_registration"/>
            <field name="subject">${object.name})</field>
            <field name="email_from">${(object.email or user.email_formatted) | safe}</field>
            <field name="body_html" type="html">
                <div style="margin: 0px; padding: 0px;">
                    <p style="margin: 0px; padding: 0px; font-size: 13px;">
                        <span>Dear,</span> <span>${object.title.name}</span> <span>${object.partner_id.name}</span> <span>Here is the farmer registration no is</span><span>${object.name}</span>
                    </p>
                </div>
            </field>
        </record>

        <record id="sms_firewood_qc" model="mail.template">
            <field name="name">Firewood QC: smsleopard SMS</field>
            <field name="model_id" ref="pways_collection_management.model_farmer_registration"/>
            <field name="subject">${object.partner_id.name})</field>
            <field name="email_from">${(object.partner_id.email or user.email_formatted) | safe}</field>
            <field name="body_html" type="html">
                <div style="margin: 0px; padding: 0px;">
                    <p style="margin: 0px; padding: 0px; font-size: 13px;">
                        <span>Dear,</span> <span>${object.title.name}</span> <span>${object.partner_id.name}</span> <span>We wish to inform you that your supply of firewood against ${object.gate_weighment_id.weighment_no} dated ${object.gate_weighment_id.out_date} has been approved for billing with ${object.wood_total} Cubic Meter.</span>
                    </p>
                </div>
            </field>
        </record>

        <record id="sms_template_weighment" model="mail.template">
            <field name="name">Weighment Smsleopard SMS</field>
            <field name="model_id" ref="pways_collection_management.model_grower_weighment"/>
            <field name="email_from">${(object.farmer_id or user.email_formatted) | safe}</field>
            <field name="body_html" type="html">
                <div style="margin: 0px; padding: 0px;">
                </div>
            </field>
        </record>
    </data>
</odoo>