<?xml version="1.0" encoding="utf-8"?>
<odoo>
	<data noupdate="1">
        <record id="sequence_sorting" model="ir.sequence">
            <field name="name">sorting sequence</field>
            <field name="code">sorting.order.sequence</field>
            <field name="prefix">SRT/</field>
            <field name="padding">4</field>
            <field eval="1" name="number_increment"/>
            <field eval="False" name="company_id"/>
        </record>

        <record id="stock_picking_type_sorting" model="stock.picking.type">
            <field name="name">Sorting</field>
            <field name="sequence_id" ref="pways_collection_management.sequence_sorting"/>
            <field name="sequence_code">SRT</field>
            <field name="code">sorting</field>
        </record>

        <record id="sequence_lot" model="ir.sequence">
            <field name="name">sequence lot</field>
            <field name="code">stock.lot</field>
            <field name="prefix">lot_srt/</field>
            <field name="padding">4</field>
            <field eval="1" name="number_increment"/>
            <field eval="False" name="company_id"/>
        </record>
    </data>
</odoo>
