<?xml version="1.0" encoding="utf-8"?>
<odoo>
    <data noupdate="1">
        <record id="sequence_inter_warehouse_transfer" model="ir.sequence">
            <field name="name">inter.warehouse.transfer</field>
            <field name="code">inter.warehouse.transfer</field>
            <field name="prefix">INTTRN</field>
            <field name="padding">4</field>
            <field eval="1" name="number_next"/>
            <field eval="1" name="number_increment"/>
            <field eval="False" name="company_id"/>
        </record>
        <record id="inter_warehouse_stock_location" model="stock.location">
            <field name="name">Inter Warehouse Transfer</field>
            <field name="usage">transit</field>
            <field name="company_id"></field>
        </record>
        <record id="ir_cron_set_agent_in_lot" model="ir.cron">
        <field name="name">Set Agent in Lots</field>
        <field name="interval_number">1</field>
        <field name="interval_type">days</field>
        <field name="numbercall">-1</field>
        <field name="nextcall" eval="((DateTime.now() + timedelta(days=1)).strftime('%Y-%m-%d %H:%M:%S'))" />
        <field name="doall" eval="False"/>
        <field name="model_id" ref="pways_collection_management.model_stock_picking"/>
        <field name="code">model._action_set_agrnt_on_lot()</field>
        <field name="state">code</field>
    </record>
    </data>
</odoo>
