<?xml version="1.0" encoding="utf-8"?>
<odoo>
    <data>
         <record id="sequence_packing" model="ir.sequence">
            <field name="name">packing sequence</field>
            <field name="code">packing.order.sequence</field>
            <field name="prefix">PCK/</field>
            <field name="padding">4</field>
            <field eval="1" name="number_next"/>
            <field eval="1" name="number_increment"/>
            <field eval="False" name="company_id"/>
        </record>
        <record id="stock_picking_type_packing" model="stock.picking.type">
            <field name="name">packing</field>
            <field name="sequence_id" ref="pways_collection_management.sequence_packing"/>
            <field name="sequence_code">PCK</field>
            <field name="code">packing</field>
        </record>

       <record id="sequence_lot" model="ir.sequence">
            <field name="name">sequence lot</field>
            <field name="code">stock.lot</field>
            <field name="prefix">lot_pick/</field>
            <field name="padding">4</field>
            <field eval="1" name="number_next"/>
            <field eval="1" name="number_increment"/>
            <field eval="False" name="company_id"/>
        </record>
    </data>
</odoo>
