id,name,model_id:id,group_id:id,perm_read,perm_write,perm_create,perm_unlink
public_sku_generator,public_product_sku_generator,model_sku_generator,,1,0,0,0
sku_generator,product_sku_generator,model_sku_generator,base.group_user,1,1,1,1

public_sku_rules,public_product_sku_rules,model_sku_rules,,1,0,0,0
sku_rules,product_sku_rules,model_sku_rules,base.group_user,1,1,1,1

public_sku_generate_wizard,public_product_sku_wizard,model_wizard_sku,,1,0,0,0
sku_generate_wizard,product_sku_wizard,model_wizard_sku,base.group_user,1,1,1,1
