<odoo>
    <data>
        <record model="ir.module.category" id="module_category_custody_request">
            <field name="name">Custody Request</field>
            <field name="description">Helps you manage your Account Custody </field>
            <field name="sequence">1</field>
        </record>

        <record id="group_custody_dm" model="res.groups">
        <field name="name">1-Submission</field>
        <field name="category_id" ref="custody_request.module_category_custody_request"/>
        <field name="implied_ids" eval="[(4, ref('base.group_user'))]"/>
        <field name="comment">the user will be able to custody Request created by employees.</field>
    </record>

         <record id="group_custody_am" model="res.groups">
        <field name="name">2-Confirmation</field>
        <field name="category_id" ref="custody_request.module_category_custody_request"/>
        <field name="implied_ids" eval="[(4, ref('base.group_user'))]"/>
        <field name="comment">the user will be able to custody Request created by employees.</field>
    </record>

         <record id="group_custody_fm" model="res.groups">
        <field name="name">3-Approval</field>
        <field name="category_id" ref="custody_request.module_category_custody_request"/>
        <field name="implied_ids" eval="[(4, ref('base.group_user'))]"/>
        <field name="comment">the user will be able to custody Request created by employees.</field>
    </record>

        <!--User Rule-->
        <record id="custody_request_access_user_rule" model="ir.rule">
            <field name="name">custody request User Rule</field>
            <field name="model_id" ref="model_custody_request"/>
            <field name="domain_force">[('user_name','=',user.id)]</field>
            <field name="groups" eval="[(4, ref('custody_request.group_custody_dm'))]"/>
        </record>

        <!--<record id="custody_request_access_account_manager" model="ir.rule">-->
            <!--<field name="name">custody request Account Manager Rule</field>-->
            <!--<field name="model_id" ref="model_custody_request"/>-->
            <!--<field name="domain_force">[('state','in',['post','am','draft')]</field>-->
            <!--<field name="groups" eval="[(4, ref('custody_request.group_custody_am'))]"/>-->
        <!--</record>-->

        <!--<record id="custody_request_access_finance_manager" model="ir.rule">-->
            <!--<field name="name">custody request FM Rule</field>-->
            <!--<field name="model_id" ref="model_custody_request"/>-->
            <!--<field name="domain_force">[('state','in',['post','fm','draft')]</field>-->
            <!--<field name="groups" eval="[(4, ref('custody_request.group_custody_fm'))]"/>-->
        <!--</record>-->

        <!--Multi Company-->
        <record id="custody_request_all_multi_company_rule" model="ir.rule">
            <field name="name">Multi Company Custody Request</field>
            <field name="model_id" ref="model_custody_request"/>
            <field name="global" eval="True"/>
            <field name="domain_force">['|',('company_id','=',False),('company_id','child_of',[user.company_id.id])]</field>
        </record>
    </data>
</odoo>
