<?xml version="1.0" encoding="utf-8"?>
<odoo>
  <data noupdate="1">
   <record id="ir_cron_linces_certificate_add" model="ir.cron">
       <field name="name">Certificate Cron Function</field>
       <field name="interval_number">1</field>
       <field name="interval_type">days</field>
       <field name="numbercall">-1</field>
       <field name="doall" eval="False"/>
       <field name="model_id" ref="model_record_certificate"/>
       <field name="user_id" ref="base.user_root"/>
       <field name="code">model._run_licences_certificate_cron_add()</field>
       <field name="state">code</field>
   </record>
   <record id="ir_cron_linces_certificate_new" model="ir.cron">
       <field name="name">Licences Cron Function</field>
       <field name="interval_number">1</field>
       <field name="interval_type">days</field>
       <field name="numbercall">-1</field>
       <field name="doall" eval="False"/>
       <field name="model_id" ref="model_record_licences"/>
       <field name="user_id" ref="base.user_root"/>
       <field name="code">model._run_licences_certificate_cron_new()</field>
       <field name="state">code</field>
   </record>
</data>
</odoo>
