id,name,model_id/id,group_id/id,perm_read,perm_write,perm_create,perm_unlink

access_res_bank_branch,access_res_bank_branch,model_res_bank_branch,base.group_user,1,1,1,1

access_farmer_registration,access_farmer_registration,model_farmer_registration,pways_collection_management.group_approved_farmer,1,1,1,1
access_farm_info,access_farm_info,model_farm_info,pways_collection_management.group_approved_farmer,1,1,1,1
access_routes_routes,access_routes_routes,model_routes_routes,pways_collection_management.group_approved_farmer,1,1,1,1
access_farm_image,access_farm_image,model_farm_image,pways_collection_management.group_approved_farmer,1,1,1,1
access_grower_weighment,access_grower_weighment,model_grower_weighment,pways_collection_management.group_approved_farmer,1,1,1,1
access_trip_trip,access_trip_trip,model_trip_trip,pways_collection_management.group_approved_farmer,1,1,1,1
access_farmer_stage,access_farmer_stage,model_farmer_stage,pways_collection_management.group_approved_farmer,1,1,1,1
access_grower_weighment_line,access_grower_weighment_line,model_grower_weighment_line,pways_collection_management.group_approved_farmer,1,1,1,1

access_vehicle_handover,vehicle_handover,model_vehicle_handover,,1,1,1,1
access_vehicle_history_line,access_vehicle_history_line,model_vehicle_history_line,,1,1,1,1
access_vehicle_tyre_detail,vehicle_tyre_detail,model_vehicle_tyre_detail,,1,1,1,1
access_vehicle_tyre_retreading,vehicle_tyre_retreading,model_vehicle_tyre_retreading,,1,1,1,1
access_fleet_vehicle_log_fuel,fleet.vehicle.log.fuel,model_fleet_vehicle_log_fuel,,1,1,1,1
access_tyre_brand,access_tyre_brand,model_tyre_brand,base.group_user,1,1,1,1
access_fuel_purchase_history,fuel.purchase.history,model_fuel_purchase_history,,1,1,1,1
access_refueling_details_line,access_refueling_details_line,model_refueling_details_line,base.group_user,1,1,1,1
access_fuel_type_outgrower,access_fuel_type_outgrower,model_fuel_type_outgrower,pways_collection_management.group_approved_farmer,1,1,1,1
access_truck_request,access_truck_request,model_truck_request,base.group_user,1,1,1,1
access_truck_request_lines,access_truck_request_lines,model_truck_request_lines,base.group_user,1,1,1,1
access_vehicle_type_outgrower,access_vehicle_type_outgrower,model_vehicle_type_outgrower,pways_collection_management.group_approved_farmer,1,1,1,1

access_farmer_bank,access_farmer_bank,model_farmer_bank,pways_collection_management.group_approved_farmer,1,1,1,1
access_gate_weighment,access_gate_weighment,model_gate_weighment,pways_collection_management.group_approved_farmer,1,1,1,1
access_farmer_wizard,access_farmer_wizard,model_farmer_wizard,pways_collection_management.group_approved_farmer,1,1,1,1
access_trip_details_wizard,access_trip_details_wizard,model_trip_details_wizard,base.group_user,1,1,1,1
access_farmer_statement_wizard,access_farmer_statement_wizard,model_farmer_statement_wizard,base.group_user,1,1,1,1
access_location_shade,access_location_shade,model_location_shade,base.group_user,1,1,1,1
access_miscellaneous_bill_wizard,access_miscellaneous_bill_wizard,model_miscellaneous_bill_wizard,base.group_user,1,1,1,1
access_external_repair,access_external_repair,model_external_repair,base.group_user,1,1,1,0
access_weightment_report,access_weightment_report,model_weightment_report,base.group_user,1,1,1,1
access_fleet_invoice_wizard,access_fleet_invoice_wizard,model_fleet_invoice_wizard,,1,1,1,1
access_cc_performance_wizard,access_cc_performance_wizard,model_cc_performance_wizard,,1,1,1,1
access_ff_performance_wizard,access_ff_performance_wizard,model_ff_performance_wizard,,1,1,1,1
access_tourn_around_wizard,access_tourn_around_wizard,model_tourn_around_wizard,,1,1,1,1
access_firewood_purchase_line,access_firewood_purchase_line,model_firewood_purchase_line,base.group_user,1,1,1,1
access_year_year,access_year_year,model_year_year,,1,1,1,1
access_quality_sheet,access_quality_sheet,model_quality_sheet,base.group_user,1,1,1,1
access_quality_sheet_wizard,access_quality_sheet_wizard,model_quality_sheet_wizard,base.group_user,1,1,1,1
access_import_outgrower_data,access_import_outgrower_data,model_import_outgrower_data,base.group_user,1,1,1,1
access_send_medical_notification,access_send_medical_notification,model_send_medical_notification,base.group_user,1,1,1,1,
access_trip_cancel_reason,access_trip_cancel_reason,model_trip_cancel_reason,pways_collection_management.group_approved_farmer,1,1,1,1
access_trip_cancel_reason_wizard,access_trip_cancel_reason_wizard,model_trip_cancel_reason_wizard,pways_collection_management.group_approved_farmer,1,1,1,1

access_farmer_payment_summary_wizard,access_farmer_payment_summary_wizard,model_farmer_payment_summary_wizard,base.group_user,1,1,1,1
access_farmer_payment_advice_wizard,access_farmer_payment_advice_wizard,model_farmer_payment_advice_wizard,base.group_user,1,1,1,1
access_ntfl_year,access_ntfl_year,model_ntfl_year,base.group_user,1,1,1,1
access_firewood_purchase_wizard,access_firewood_purchase_wizard,model_firewood_purchase_wizard,base.group_user,1,1,1,1
access_out_grower_loan,access_out_grower_loan,model_out_grower_loan,pways_collection_management.group_approved_farmer,1,1,1,1
access_out_grower_loan_line,access_out_grower_loan_line,model_out_grower_loan_line,pways_collection_management.group_approved_farmer,1,1,1,1
