<?xml version="1.0" encoding="utf-8"?>
<odoo>
    <data>
        <record model="ir.module.category" id="module_out_grower">
            <field name="name">Collection</field>
            <field name="sequence">50</field>
        </record>

         <record model="res.groups" id="group_approved_farmer">
            <field name="name">Collection Manager</field>
            <field name="category_id" ref="module_out_grower"/>
        </record>

         <record model="res.groups" id="group_trip_clerk">
            <field name="name">Trip Responsible</field>
            <field name="category_id" ref="module_out_grower"/>
        </record>

        <record id="group_create_transporter_bill" model="res.groups">
            <field name="name">Transporter Bill</field>
            <field name="category_id" ref="module_out_grower"/>
        </record>

        <record id="group_quality_approver" model="res.groups">
            <field name="name">Quality Approver</field>
            <field name="category_id" ref="module_out_grower"/>
        </record>
    </data>
</odoo>
        <!-- <record id="module_indent_request" model="ir.module.category">
            <field name="name">Indent Request</field>
            <field name="sequence">1</field>
        </record>

        <record id="group_principal" model="res.groups">
            <field name="name">Head of Institute</field>
            <field name="category_id" ref="module_indent_request"/>
        </record>

        <record id="group_comitee_head" model="res.groups">
            <field name="name">Head of Commitee</field>
            <field name="category_id" ref="module_indent_request"/>
        </record>

        <record id="group_request_user" model="res.groups">
            <field name="name">Request User</field>
            <field name="category_id" ref="module_indent_request"/>
        </record>

        <record id="group_store_user" model="res.groups">
            <field name="name">Store User</field>
            <field name="category_id" ref="module_indent_request"/>
        </record>

        <record id="group_hod" model="res.groups">
            <field name="name">Head of Department</field>
            <field name="category_id" ref="module_indent_request"/>
        </record> -->

<!--         <record id="group_sale_order_retail" model="res.groups">
            <field name="name">Retail</field>
            <field name="comment">Retail View Visible.</field>
        </record> -->

<!--         <record id="group_sale_order_corporate" model="res.groups">
            <field name="name">Corporate</field>
            <field name="comment">Corporate View Visible</field>
        </record> -->

<!--         <record id="group_nhif_backdate" model="res.groups">
            <field name="name">NHIF Backdate</field>
            <field name="category_id" ref="module_out_grower"/>
        </record> -->