<?xml version="1.0" encoding="utf-8"?>
<odoo>
    <!--Adding a salary rule for loan-->
    <data noupdate="0">

        <record id="hr_rule_loan" model="hr.salary.rule">
            <field name="code">LO</field>
            <field name="name">Loan</field>
            <field name="category_id" ref="hr_payroll.DED"/>
            <field name="condition_select">python</field>
            <field name="condition_python">result = inputs.LO</field>
            <field name="amount_select">code</field>
            <field name="amount_python_compute">result = inputs.LO and - (inputs.LO.amount)</field>
            <field name="appears_on_payslip" eval="True"/>
            <field name="sequence" eval="190"/>
            <field name="struct_id" ref="hr_payroll.structure_002"/>
        </record>

        <record id="hr_rule_input_loan" model="hr.payslip.input.type">
            <field name="code">LO</field>
            <field name="name">Loan</field>
            <field name="input_id" ref="hr_rule_loan"/>

        </record>


    </data>
</odoo>