<?xml version="1.0"?>
<odoo>
    <data>
        <record id="view_order_form_sale_order" model="ir.ui.view">
            <field name="name">sale.order.form.sale.stock</field>
            <field name="model">sale.order</field>
            <field name="inherit_id" ref="sale_stock.view_order_form_inherit_sale_stock"/>
            <field name="arch" type="xml">
<!--                <xpath expr="//label[@for='commitment_date']" position="before">-->
<!--                    <field name="warehouse_loc_id" options="{'no_create': True}" groups="stock.group_stock_multi_warehouses" force_save="1"/>-->
<!--                </xpath>-->
                <xpath expr="//field[@name='warehouse_id']" position="replace">
                    <field name="warehouse_loc_id" options="{'no_create': True}" groups="stock.group_stock_multi_warehouses" force_save="1"/>
                </xpath>
            </field>
        </record>
    </data>
</odoo>